[
    {
        "name": "GregoryYob73",
        "score": 2500
    },
    {
        "name": "quantumEcho",
        "score": 1870
    },
    {
        "name": "redsea7",
        "score": 550
    },
    {
        "name": "GregoryYob73",
        "score": 1500
    },
    {
        "name": "quantumEcho",
        "score": 550
    },
    {
        "name": "redsea7",
        "score": 2480
    },
    {
        "name": "GregoryYob73",
        "score": 2935
    },
    {
        "name": "redsea7",
        "score": 1170
    },
    {
        "name": "GregoryYob73",
        "score": 2736
    },
    {
        "name": "redsea7",
        "score": 2000
    },
    {
        "name": "GregoryYob73",
        "score": 1973
    },
    {
        "name": "redsea7",
        "score": 490
    },
    {
        "name": "redsea7",
        "score": 2100
    },
    {
        "name": "quantumEcho",
        "score": 2270
    },
    {
        "name": "quantumEcho",
        "score": 1000
    },
    {
        "name": "quantumEcho",
        "score": 40
    },
    {
        "name": "quantumEcho",
        "score": 1970
    },
    {
        "name": "quantumEcho",
        "score": 1040
    },
    {
        "name": "quantumEcho",
        "score": 2750
    },
    {
        "name": "[No Name Given]",
        "score": 1300
    },
    {
        "name": "quantumEcho",
        "score": 1300
    }
]